branch_name,branch_type,from_bus,to_bus
ELDORADO    -2901-MOHAVE      -2902-i_107,Line,2901,2902
GRIZZLY     -4004-GRIZZLY1    -4091-i_238,Line,4004,4091
METCALF     -3303-MOSSLAND    -3918-i_152,Line,3303,3918
MEXICO      -2000-IMPRLVLY    -2302-i_28,Line,2000,2302
EMERY       -6503-SPAN FRK    -6508-i_320,Line,6503,6508
MEAD        -1301-VICTORVL    -2603-i_19,Line,1301,2603
C.COSTA     -3201-VACA-DIX    -3924-i_126,Line,3201,3924
METCALF     -3303-MOSSLAND    -3918-i_153,Line,3303,3918
DIABLO      -3801-MIDWAY      -3803-i_176,Line,3801,3803
VICTORVL    -2603-ELDORADO    -2901-i_71,Line,2603,2901
MORAGA      -3202-SOBRANTE    -3205-i_130,Line,3202,3205
FULTON      -3501-IGNACIO     -3914-i_169,Line,3501,3914
SUMMER L    -4002-BURNS       -4003-i_231,Line,4002,4003
GATES       -3804-MORROBAY    -3806-i_184,Line,3804,3806
PITSBURG    -3204-SOBRANTE    -3205-i_140,Line,3204,3205
SYLMAR S    -2405-EAGLROCK    -2406-i_50,Line,2405,2406
MESA CAL    -2408-MIRALOMA    -2409-i_56,Line,2408,2409
ROUND MT    -3906-MALIN       -4001-i_198,Line,3906,4001
FOURCORN    -1001-MOENKOPI    -1201-i_1,Line,1001,1201
COTWDWAP    -8003-TRACYPMP    -8005-i_327,Line,8003,8005
MEXICO      -2000-MIGUEL      -2202-i_27,Line,2000,2202
LOSBANOS    -3901-TRACY       -8002-i_191,Line,3901,8002
RAVENSWD    -3305-TESLA       -3923-i_154,Line,3305,3923
STA B1      -2605-VICTORVL    -2607-i_75,Line,2605,2607
TRACYSPP    -6401-VALMY       -6403-i_298,Line,6401,6403
C.COSTA     -3201-VACA-DIX    -3924-i_125,Line,3201,3924
BENLOMND    -6501-TERMINAL    -6509-i_306,Line,6501,6509
MALIN       -4001-GRIZZLY7    -4097-i_228,Line,4001,4097
BELLOTA     -3907-TESLA       -3923-i_200,Line,3907,3923
MALIN       -4001-MERIDIAN    -4204-i_229,Line,4001,4204
MOENKOPI    -1201-NAVAJO      -1202-i_11,Line,1201,1202
INTERMT     -2604-GONDER      -6404-i_72,Line,2604,6404
MIDWAY      -3805-MORROBAY    -3806-i_185,Line,3805,3806
COTWDPGE    -3911-ROUND MT    -3921-i_210,Line,3911,3921
MARTIN      -3102-SANMATEO    -3103-i_111,Line,3102,3103
GRIZZLY2    -4092-GRIZZLY3    -4093-i_254,Line,4092,4093
MARTIN      -3102-SANMATEO    -3103-i_110,Line,3102,3103
GOLDHILL    -3913-RIO OSO     -3920-i_217,Line,3913,3920
TRACYSPP    -6401-VALMY       -6403-i_299,Line,6401,6403
CAMP WIL    -6502-EMERY       -6503-i_307,Line,6502,6503
NEWARK      -3203-METCALF     -3303-i_134,Line,3203,3303
COLSTRP     -6203-LARAMIE     -6304-i_290,Line,6203,6304
METCALF     -3303-MONTAVIS    -3304-i_151,Line,3303,3304
ADELANTO    -2600-VICTORVL    -2603-i_68,Line,2600,2603
PARKER      -1403-IMPERIAL    -2100-i_26,Line,1403,2100
JEFFERSN    -3302-MONTAVIS    -3304-i_148,Line,3302,3304
GRIZZLY     -4004-JOHN DAY    -4005-i_237,Line,4004,4005
VINCENT     -2404-MIDWAY6     -3897-i_49,Line,2404,3897
COULEE      -4101-HANFORD     -4102-i_258,Line,4101,4102
MEAD        -1301-WESTWING    -1402-i_18,Line,1301,1402
CASTAIC     -2608-OLIVE       -2611-i_77,Line,2608,2611
SAN JUAN    -1004-COLOEAST    -7001-i_7,Line,1004,7001
SAN JUAN    -1004-CRAIG       -7002-i_8,Line,1004,7002
MALIN       -4001-MALIN1      -4090-i_226,Line,4001,4090
COLSTRP     -6203-MONTANA     -6205-i_287,Line,6203,6205
MC CALL     -3403-GATES       -3804-i_162,Line,3403,3804
CA230TO     -5003-CA230       -5004-i_276,Line,5003,5004
HANFORD     -4102-WCASCADE    -4202-i_267,Line,4102,4202
BORAH       -6103-BENLOMND    -6501-i_283,Line,6103,6501
BIG EDDY    -4009-CELILO      -4010-i_252,Line,4009,4010
COTWDWAP    -8003-RNCHSECO    -8004-i_326,Line,8003,8004
GATES       -3802-GATES1      -3891-i_177,Line,3802,3891
C.COSTA     -3201-MORAGA      -3202-i_119,Line,3201,3202
COLGATE     -3909-PALERMO     -3919-i_203,Line,3909,3919
BORAH       -6104-NAUGHTON    -6305-i_285,Line,6104,6305
WCASCADE    -4202-WILLAMET    -4203-i_273,Line,4202,4203
NEWARK      -3203-METCALF     -3303-i_135,Line,3203,3303
SUMMIT      -3701-RIO OSO     -3926-i_173,Line,3701,3926
VALLEY      -2403-SERRANO     -2501-i_46,Line,2403,2501
CAMP WIL    -6502-MONA        -6504-i_311,Line,6502,6504
STA E       -2615-VALLEY      -2620-i_105,Line,2615,2620
LOSBANOS    -3901-MOSSLAND    -3902-i_189,Line,3901,3902
BORAH       -6103-BRIDGER     -6301-i_280,Line,6103,6301
MIGUEL      -2202-MISSION     -2203-i_32,Line,2202,2203
PALOVRDE    -1401-WESTWING    -1402-i_22,Line,1401,1402
SOBRANTE    -3205-IGNACIO     -3914-i_143,Line,3205,3914
GRIZZLY6    -4096-GRIZZLY7    -4097-i_257,Line,4096,4097
PITSBURG    -3204-TESLA       -3923-i_142,Line,3204,3923
RINALDI     -2612-STA J       -2618-i_93,Line,2612,2618
STA BLD     -2614-STA F       -2616-i_102,Line,2614,2616
MIDWAY      -3803-MIDWAY1     -3892-i_180,Line,3803,3892
GARRISON    -6204-MONTANA     -6205-i_291,Line,6204,6205
HAYNES      -2610-STA F       -2616-i_85,Line,2610,2616
BIG EDDY    -4006-CELILOCA    -4007-i_247,Line,4006,4007
COTWDPGE    -3911-COTWDWAP    -8003-i_214,Line,3911,8003
MARTIN      -3102-SANMATEO    -3103-i_112,Line,3102,3103
COLSTRP     -6201-GARRISON    -6202-i_286,Line,6201,6202
MORAGA      -3202-PITSBURG    -3204-i_129,Line,3202,3204
OLIVE       -2611-RINALDI     -2612-i_87,Line,2611,2612
MIRALOMA    -2409-SERRANO     -2502-i_60,Line,2409,2502
PANOCHE     -3404-MOSSLAND    -3918-i_166,Line,3404,3918
HANFORD     -4102-GARRISON    -6202-i_268,Line,4102,6202
GRIZZLY     -4004-GRIZZLY2    -4092-i_239,Line,4004,4092
MORAGA      -3202-VACA-DIX    -3924-i_131,Line,3202,3924
RINALDI     -2612-SYLMARLA    -2619-i_96,Line,2612,2619
PALERMO     -3919-TABLE MT    -3922-i_222,Line,3919,3922
MIDPOINT    -6102-VALMY       -6403-i_279,Line,6102,6403
BENLOMND    -6501-CAMP WIL    -6502-i_303,Line,6501,6502
FOURCORN    -1002-CHOLLA      -1102-i_5,Line,1002,1102
BRIDGER2    -6303-LARAMIE     -6304-i_293,Line,6303,6304
MORAGA      -3202-NEWARK      -3203-i_128,Line,3202,3203
MOENKOPI    -1201-WESTWING    -1402-i_12,Line,1201,1402
GOLDHILL    -3913-RIO OSO     -3920-i_216,Line,3913,3920
MORAGA      -3202-NEWARK      -3203-i_127,Line,3202,3203
FULTON      -3501-LAKEVILE    -3915-i_170,Line,3501,3915
WILLAMET    -4203-MERIDIAN    -4204-i_274,Line,4203,4204
FOURCORN    -1002-SAN JUAN    -1004-i_3,Line,1002,1004
C.COSTA     -3201-TESLA       -3923-i_124,Line,3201,3923
GRIZZLY3    -4093-GRIZZLY4    -4094-i_255,Line,4093,4094
PALOVRDE    -1401-DEVERS      -2400-i_25,Line,1401,2400
MEAD        -1301-WESTWING    -1402-i_17,Line,1301,1402
BENLOMND    -6501-MONA        -6504-i_304,Line,6501,6504
MALIN       -4001-GRIZZLY4    -4094-i_227,Line,4001,4094
COTWDPGE    -3911-COTWDWAP    -8003-i_213,Line,3911,8003
MARTIN      -3104-POTRERO     -3105-i_118,Line,3104,3105
PITSBURG    -3204-TESLA       -3923-i_141,Line,3204,3923
COULEE      -4101-NORTH       -4201-i_263,Line,4101,4201
LUGO        -2401-SERRANO     -2501-i_41,Line,2401,2501
GLENDAL     -2609-STA G       -2617-i_82,Line,2609,2617
EMBRCDRD    -3101-MARTIN      -3102-i_108,Line,3101,3102
RINALDI     -2612-STA J       -2618-i_91,Line,2612,2618
C.COSTA     -3201-NEWARK      -3203-i_122,Line,3201,3203
JOHN DAY    -4005-WCASCADE    -4202-i_245,Line,4005,4202
CAMP WIL    -6502-MONA        -6504-i_312,Line,6502,6504
HAYNES      -2610-STA G       -2617-i_86,Line,2610,2617
SUMMIT      -3701-RIO OSO     -3926-i_172,Line,3701,3926
BRIDGER2    -6303-NAUGHTON    -6305-i_294,Line,6303,6305
NAVAJO      -1202-WESTWING    -1402-i_15,Line,1202,1402
LUGO        -2401-ELDORADO    -2901-i_43,Line,2401,2901
MOENKOPI    -1201-ELDORADO    -2901-i_13,Line,1201,2901
PITSBURG    -3204-SOBRANTE    -3205-i_139,Line,3204,3205
COULEE      -4101-BELL        -4103-i_260,Line,4101,4103
MISSION     -2203-S.ONOFRE    -2503-i_35,Line,2203,2503
LUGO        -2401-MIRALOMA    -2402-i_38,Line,2401,2402
GLENDAL     -2609-STA E       -2615-i_81,Line,2609,2615
EMERY       -6503-MONA        -6504-i_316,Line,6503,6504
HANFORD     -4102-NORTH       -4201-i_264,Line,4102,4201
MIDWAY      -3803-GATES1      -3891-i_179,Line,3803,3891
LUGO        -2401-VINCENT     -2404-i_40,Line,2401,2404
LITEHIPE    -2407-MESA CAL    -2408-i_55,Line,2407,2408
JEFFERSN    -3302-MONTAVIS    -3304-i_147,Line,3302,3304
RNCHSECO    -8004-TRACYPMP    -8005-i_329,Line,8004,8005
CORONADO    -1101-PALOVRDE    -1401-i_10,Line,1101,1401
HANFORD     -4102-WCASCADE    -4202-i_266,Line,4102,4202
EMBRCDRD    -3101-MARTIN      -3102-i_109,Line,3101,3102
TESLA       -3903-TRACY       -8002-i_194,Line,3903,8002
CAMP WIL    -6502-MONA        -6504-i_309,Line,6502,6504
BORAH       -6103-BRIDGER     -6301-i_281,Line,6103,6301
RINALDI     -2612-STA J       -2618-i_90,Line,2612,2618
RINALDI     -2601-VICTORVL    -2603-i_70,Line,2601,2603
RINALDI     -2612-SYLMARLA    -2619-i_94,Line,2612,2619
NAUGHTON    -6305-BENLOMND    -6510-i_296,Line,6305,6510
MIGUEL      -2202-S.ONOFRE    -2503-i_33,Line,2202,2503
RINALDI     -2612-STA E       -2615-i_89,Line,2612,2615
CAMP WIL    -6502-SPAN FRK    -6508-i_313,Line,6502,6508
BIG EDDY    -4009-CELILO      -4010-i_251,Line,4009,4010
RINALDI     -2612-VALLEY      -2620-i_98,Line,2612,2620
TESLA       -3903-VACA-DIX    -3904-i_192,Line,3903,3904
MESA CAL    -2408-MIRALOMA    -2409-i_57,Line,2408,2409
COLGATE     -3909-RIO OSO     -3920-i_204,Line,3909,3920
MEAD        -1301-ELDORADO    -2901-i_20,Line,1301,2901
TESLA       -3923-TRACYPMP    -8005-i_224,Line,3923,8005
METCALF     -3301-MOSSLAND    -3902-i_145,Line,3301,3902
MALIN       -4001-OLINDA      -8001-i_230,Line,4001,8001
BELL        -4104-CA230       -5004-i_270,Line,4104,5004
CORTINA     -3910-VACA-DIX    -3924-i_206,Line,3910,3924
NEWARK      -3203-TESLA       -3923-i_138,Line,3203,3923
TABLE MT    -3905-ROUND MT    -3906-i_196,Line,3905,3906
GREGG       -3401-GATES       -3804-i_160,Line,3401,3804
MIDWAY3     -3894-MIDWAY4     -3895-i_187,Line,3894,3895
GRIZZLY     -4004-GRIZZLY5    -4095-i_240,Line,4004,4095
BRIGHTON    -3908-RIO OSO     -3920-i_202,Line,3908,3920
SANMATEO    -3103-RAVENSWD    -3305-i_117,Line,3103,3305
TRACYSPP    -6401-GONDER      -6404-i_300,Line,6401,6404
JOHN DAY    -4005-GARRISON    -6202-i_246,Line,4005,6202
STA E       -2615-STA G       -2617-i_103,Line,2615,2617
EMERY       -6503-SIGURD      -6507-i_318,Line,6503,6507
RINALDI     -2612-SYLMARLA    -2619-i_95,Line,2612,2619
INTERMT     -2604-MONA        -6504-i_73,Line,2604,6504
NAUGHTON    -6305-BENLOMND    -6510-i_297,Line,6305,6510
PALOVRDE    -1401-WESTWING    -1402-i_23,Line,1401,1402
BIG EDDY    -4006-CELILOCA    -4007-i_248,Line,4006,4007
FOURCORN    -1001-NAVAJO      -1202-i_2,Line,1001,1202
GRIZZLY     -4004-JOHN DAY    -4005-i_235,Line,4004,4005
COULEE      -4101-HANFORD     -4102-i_259,Line,4101,4102
COULEE      -4101-BELL        -4103-i_261,Line,4101,4103
SUMMER L    -4002-MALIN1      -4090-i_232,Line,4002,4090
BIG EDDY    -4009-BELL        -4104-i_253,Line,4009,4104
STA F       -2616-STA G       -2617-i_106,Line,2616,2617
BORAH       -6103-BENLOMND    -6501-i_282,Line,6103,6501
STA BLD     -2614-STA F       -2616-i_101,Line,2614,2616
PANOCHE     -3404-LOSBANOS    -3917-i_165,Line,3404,3917
COTWDPGE    -3911-ROUND MT    -3921-i_211,Line,3911,3921
RIO OSO     -3920-TABLE MT    -3922-i_223,Line,3920,3922
MC CALL     -3403-PANOCHE     -3404-i_161,Line,3403,3404
VALMY       -6403-GONDER      -6404-i_301,Line,6403,6404
GONDER      -6404-SIGURD      -6507-i_302,Line,6404,6507
JOHN DAY    -4005-BIG EDDY    -4006-i_241,Line,4005,4006
MIGUEL      -2201-IMPRLVLY    -2301-i_30,Line,2201,2301
CAMP WIL    -6502-TERMINAL    -6509-i_314,Line,6502,6509
PARDEE      -2410-VINCENT     -2411-i_63,Line,2410,2411
LUGO        -2401-VINCENT     -2404-i_39,Line,2401,2404
HAYNES      -2610-RIVER       -2613-i_84,Line,2610,2613
GREGG       -3401-HELMS PP    -3402-i_156,Line,3401,3402
GATES       -3802-LOSBANOS    -3901-i_178,Line,3802,3901
LUGO        -2401-MIRALOMA    -2402-i_37,Line,2401,2402
C.COSTA     -3201-NEWARK      -3203-i_121,Line,3201,3203
LAKEVILE    -3915-VACA-DIX    -3924-i_220,Line,3915,3924
MESA CAL    -2408-VINCENT     -2411-i_58,Line,2408,2411
GOLDHILL    -3913-TESLA       -3923-i_218,Line,3913,3923
MIDWAY      -3803-MIDWAY5     -3896-i_182,Line,3803,3896
EMERY       -6503-SIGURD      -6507-i_319,Line,6503,6507
LUGO        -2401-MOHAVE      -2902-i_44,Line,2401,2902
CASTAIC     -2608-STA J       -2618-i_79,Line,2608,2618
GOLDHILL    -3913-RNCHSECO    -8004-i_219,Line,3913,8004
MIDWAY      -3803-MIDWAY3     -3894-i_181,Line,3803,3894
MIDPOINT    -6102-BRIDGER     -6301-i_278,Line,6102,6301
MEAD        -1301-H ALLEN     -1302-i_16,Line,1301,1302
HANFORD     -4102-NORTH       -4201-i_265,Line,4102,4201
CAMP WIL    -6502-EMERY       -6503-i_308,Line,6502,6503
SANMATEO    -3103-PITSBURG    -3204-i_114,Line,3103,3204
MIDPOINT    -6102-BORAH       -6103-i_277,Line,6102,6103
SERRANO     -2502-S.ONOFRE    -2503-i_65,Line,2502,2503
VACA-DIX    -3904-TABLE MT    -3905-i_195,Line,3904,3905
BORAH       -6104-GARRISON    -6204-i_284,Line,6104,6204
BRIDGER2    -6303-NAUGHTON    -6305-i_295,Line,6303,6305
LOSBANOS    -3901-TESLA       -3903-i_190,Line,3901,3903
CAMP WIL    -6502-TERMINAL    -6509-i_315,Line,6502,6509
METCALF     -3303-MONTAVIS    -3304-i_150,Line,3303,3304
TESLA       -3923-TRACYPMP    -8005-i_225,Line,3923,8005
NEWARK      -3203-RAVENSWD    -3305-i_136,Line,3203,3305
VINCENT     -2404-MIDWAY4     -3895-i_48,Line,2404,3895
JOHN DAY    -4005-HANFORD     -4102-i_244,Line,4005,4102
GLENN       -3912-VACA-DIX    -3924-i_215,Line,3912,3924
ADELANTO    -2600-STA E       -2602-i_67,Line,2600,2602
FOURCORN    -1002-PINTO PS    -6506-i_6,Line,1002,6506
SERRANO     -2502-S.ONOFRE    -2503-i_64,Line,2502,2503
GREGG       -3401-WILSON      -3405-i_159,Line,3401,3405
METCALF     -3303-MONTAVIS    -3304-i_149,Line,3303,3304
CORONADO    -1101-PALOVRDE    -1401-i_9,Line,1101,1401
COLOEAST    -7001-CRAIG       -7002-i_324,Line,7001,7002
MESA CAL    -2408-SERRANO     -2502-i_59,Line,2408,2502
COTWDPGE    -3911-GLENN       -3912-i_207,Line,3911,3912
NEWARK      -3203-TESLA       -3923-i_137,Line,3203,3923
MIRALOMA    -2402-SERRANO     -2501-i_45,Line,2402,2501
HUMBOLDT    -3601-COTWDPGE    -3925-i_171,Line,3601,3925
MIGUEL      -2202-MISSION     -2203-i_31,Line,2202,2203
JOHN DAY    -4005-HANFORD     -4102-i_243,Line,4005,4102
SANMATEO    -3103-RAVENSWD    -3305-i_116,Line,3103,3305
MONA        -6504-SIGURD      -6507-i_321,Line,6504,6507
VINCENT     -2404-MIDWAY2     -3893-i_47,Line,2404,3893
RINALDI     -2612-STA J       -2618-i_92,Line,2612,2618
RINALDI     -2612-VALLEY      -2620-i_97,Line,2612,2620
EMERY       -6503-PINTO       -6505-i_317,Line,6503,6505
BELL        -4103-GARRISON    -6202-i_269,Line,4103,6202
CAMP WIL    -6502-MONA        -6504-i_310,Line,6502,6504
GREGG       -3401-WILSON      -3405-i_158,Line,3401,3405
COLSTRP     -6203-BRIDGER2    -6303-i_289,Line,6203,6303
NORTH       -4201-CANADA      -5001-i_272,Line,4201,5001
PANOCHE     -3404-GATES       -3804-i_163,Line,3404,3804
COTWDWAP    -8003-TRACYPMP    -8005-i_328,Line,8003,8005
BURNS       -4003-MIDPOINT    -6101-i_234,Line,4003,6101
LOGAN CR    -3916-VACA-DIX    -3924-i_221,Line,3916,3924
COLSTRP     -6203-BRIDGER2    -6303-i_288,Line,6203,6303
HAYNES      -2610-RIVER       -2613-i_83,Line,2610,2613
RIVER       -2613-STA G       -2617-i_100,Line,2613,2617
DEVERS      -2400-VALLEY      -2403-i_36,Line,2400,2403
EAGLROCK    -2406-PARDEE      -2410-i_54,Line,2406,2410
RIVER       -2613-STA F       -2616-i_99,Line,2613,2616
H ALLEN     -1303-SIGURD      -6507-i_21,Line,1303,6507
ROUND MT    -3906-MALIN       -4001-i_197,Line,3906,4001
OLINDA      -8001-TRACY       -8002-i_325,Line,8001,8002
EAGLROCK    -2406-MESA CAL    -2408-i_53,Line,2406,2408
TESLA       -3903-TABLE MT    -3905-i_193,Line,3903,3905
JOHN DAY    -4005-BIG EDDY    -4006-i_242,Line,4005,4006
STA E       -2615-STA G       -2617-i_104,Line,2615,2617
PALOVRDE    -1401-IMPRLVLY    -2301-i_24,Line,1401,2301
DIABLO      -3801-MIDWAY      -3803-i_175,Line,3801,3803
RINALDI     -2612-STA E       -2615-i_88,Line,2612,2615
STA B2      -2606-VICTORVL    -2607-i_76,Line,2606,2607
GREGG       -3401-PANOCHE     -3404-i_157,Line,3401,3404
COTWDPGE    -3911-LOGAN CR    -3916-i_208,Line,3911,3916
PARDEE      -2410-VINCENT     -2411-i_62,Line,2410,2411
BELLOTA     -3907-RNCHSECO    -8004-i_201,Line,3907,8004
CASTAIC     -2608-RINALDI     -2612-i_78,Line,2608,2612
GRIZZLY     -4004-JOHN DAY    -4005-i_236,Line,4004,4005
CANADA      -5001-CANALB      -5002-i_275,Line,5001,5002
SOBRANTE    -3205-LAKEVILE    -3915-i_144,Line,3205,3915
BELLOTA     -3907-BRIGHTON    -3908-i_199,Line,3907,3908
MIRALOMA    -2409-S.ONOFRE    -2503-i_61,Line,2409,2503
MIDWAY5     -3896-MIDWAY6     -3897-i_188,Line,3896,3897
MONA        -6504-CRAIG       -7002-i_323,Line,6504,7002
PANOCHE     -3404-GATES       -3804-i_164,Line,3404,3804
DIABLO      -3801-GATES       -3802-i_174,Line,3801,3802
IMPERIAL    -2100-IMPRLVLY    -2302-i_29,Line,2100,2302
ADELANTO    -2600-VICTORVL    -2603-i_69,Line,2600,2603
SYLMAR S    -2405-PARDEE      -2410-i_51,Line,2405,2410
MIDWAY1     -3892-MIDWAY2     -3893-i_186,Line,3892,3893
NORTH       -4201-WCASCADE    -4202-i_271,Line,4201,4202
MALIN       -4008-TRACYSPP    -6401-i_250,Line,4008,6401
CASTAIC     -2608-SYLMARLA    -2619-i_80,Line,2608,2619
MONA        -6504-SIGURD      -6507-i_322,Line,6504,6507
WILSON      -3405-BELLOTA     -3907-i_168,Line,3405,3907
SYLMAR S    -2405-PARDEE      -2410-i_52,Line,2405,2410
C.COSTA     -3201-MORAGA      -3202-i_120,Line,3201,3202
SANMATEO    -3103-PITSBURG    -3204-i_115,Line,3103,3204
WILSON      -3405-BELLOTA     -3907-i_167,Line,3405,3907
METCALF     -3301-TESLA       -3903-i_146,Line,3301,3903
MARTIN      -3102-JEFFERSN    -3302-i_113,Line,3102,3302
BENLOMND    -6501-TERMINAL    -6509-i_305,Line,6501,6509
CORTINA     -3910-COTWDPGE    -3911-i_205,Line,3910,3911
FOURCORN    -1002-CHOLLA      -1102-i_4,Line,1002,1102
LUGO        -2401-VICTORVL    -2603-i_42,Line,2401,2603
NAVAJO      -1202-H ALLEN     -1302-i_14,Line,1202,1302
GREGG       -3401-HELMS PP    -3402-i_155,Line,3401,3402
C.COSTA     -3201-TESLA       -3923-i_123,Line,3201,3923
MISSION     -2203-S.ONOFRE    -2503-i_34,Line,2203,2503
COTWDPGE    -3911-VACA-DIX    -3924-i_212,Line,3911,3924
LARAMIE     -6302-COLOEAST    -7001-i_292,Line,6302,7001
NEWARK      -3203-PITSBURG    -3204-i_133,Line,3203,3204
SUMMER L    -4002-GRIZZLY1    -4091-i_233,Line,4002,4091
COTWDPGE    -3911-ROUND MT    -3921-i_209,Line,3911,3921
GRIZZLY5    -4095-GRIZZLY6    -4096-i_256,Line,4095,4096
ADELANTO    -2600-RINALDI     -2601-i_66,Line,2600,2601
INTERMT     -2604-MONA        -6504-i_74,Line,2604,6504
COULEE      -4101-NORTH       -4201-i_262,Line,4101,4201
MIDWAY      -3803-LOSBANOS    -3901-i_183,Line,3803,3901
MORAGA      -3202-VACA-DIX    -3924-i_132,Line,3202,3924
BIG EDDY    -4006-WCASCADE    -4202-i_249,Line,4006,4202
LARAMIE     -6302-LARAMIE     -6304-i_436,TapTransformer,6302,6304
BORAH       -6103-BORAH       -6104-i_430,TapTransformer,6103,6104
COTWDWAP    -8003-COTWDWAP    -8033-i_450,Transformer2W,8003,8033
STA B1      -2605-STA B       -2621-i_372,Transformer2W,2605,2621
BENLOMND    -6501-BENLOMND    -6510-i_442,Transformer2W,6501,6510
FOURCORN    -1002-FOURCORN    -1003-i_333,Transformer2W,1002,1003
MIDPOINT    -6102-MIDPOINT    -6132-i_429,Transformer2W,6102,6132
COLOEAST    -7001-COLOEAST    -7031-i_446,Transformer2W,7001,7031
STA BLD     -2614-STA B       -2621-i_379,Transformer2W,2614,2621
FOURCORN    -1002-FCNGN4CC    -1032-i_334,Transformer2W,1002,1032
GATES       -3802-GATES       -3804-i_396,Transformer2W,3802,3804
ROUND MT    -3906-ROUND MT    -3921-i_407,Transformer2W,3906,3921
SERRANO     -2501-SERRANO     -2502-i_364,Transformer2W,2501,2502
MIRALOMA    -2402-MIRALOMA    -2409-i_355,Transformer2W,2402,2409
NAUGHTON    -6305-NAUGHT      -6335-i_438,Transformer2W,6305,6335
IMPERIAL    -2100-DEVERS      -2400-i_347,Transformer2W,2100,2400
CASTAIC     -2608-CASTAI4G    -2638-i_374,Transformer2W,2608,2638
INTERMT     -2604-INTERM1G    -2634-i_371,Transformer2W,2604,2634
MEAD        -1301-HOOVER      -1331-i_340,Transformer2W,1301,1331
SYLMAR S    -2405-SYLMARLA    -2619-i_359,Transformer2W,2405,2619
MC CALL     -3403-MC CALL     -3433-i_389,Transformer2W,3403,3433
VACA-DIX    -3904-VACA-DIX    -3924-i_405,Transformer2W,3904,3924
CRAIG       -7002-CRAIG       -7032-i_447,Transformer2W,7002,7032
STA E       -2602-STA E       -2615-i_368,Transformer2W,2602,2615
FULTON      -3501-FULTON      -3531-i_390,Transformer2W,3501,3531
BRIDGER     -6301-BRIDGER2    -6303-i_435,Transformer2W,6301,6303
RIO OSO     -3920-RIO OSO     -3926-i_410,Transformer2W,3920,3926
METCALF     -3303-METCALF     -3333-i_387,Transformer2W,3303,3333
TRACYSPP    -6401-SUMITSPP    -6402-i_440,Transformer2W,6401,6402
VINCENT     -2404-VINCENT     -2411-i_356,Transformer2W,2404,2411
MIRALOMA    -2409-MIRALOMA    -2439-i_361,Transformer2W,2409,2439
CORONADO    -1101-CHOLLA      -1102-i_337,Transformer2W,1101,1102
SUMMIT      -3701-SUMITSPP    -6402-i_394,Transformer2W,3701,6402
BENLOMND    -6501-BENLOMND    -6510-i_443,Transformer2W,6501,6510
VINCENT     -2404-VINCENT     -2411-i_357,Transformer2W,2404,2411
MOSSLAND    -3902-MOSSLAND    -3918-i_402,Transformer2W,3902,3918
SERRANO     -2501-SERRANO     -2502-i_365,Transformer2W,2501,2502
RNCHSECO    -8004-RNCHSECO    -8034-i_451,Transformer2W,8004,8034
VINCENT     -2411-VINCENT     -2434-i_362,Transformer2W,2411,2434
MALIN       -4001-MALIN       -4031-i_414,Transformer2W,4001,4031
BRIDGER2    -6303-BRIDGER     -6333-i_437,Transformer2W,6303,6333
MISSION     -2203-MISSION     -2233-i_350,Transformer2W,2203,2233
TESLA       -3923-TESLA       -3933-i_412,Transformer2W,3923,3933
EMERY       -6503-EMERY       -6533-i_444,Transformer2W,6503,6533
MEXICO      -2000-MEXICO      -2030-i_345,Transformer2W,2000,2030
IMPRLVLY    -2301-IMPRLVLY    -2302-i_352,Transformer2W,2301,2302
NORTH       -4201-NORTH G3    -4231-i_423,Transformer2W,4201,4231
CORONADO    -1101-CORONADO    -1131-i_338,Transformer2W,1101,1131
CELILOCA    -4007-CELILO      -4010-i_418,Transformer2W,4007,4010
PALOVRDE    -1401-PARKER      -1403-i_343,Transformer2W,1401,1403
BIG EDDY    -4006-BIG EDDY    -4009-i_417,Transformer2W,4006,4009
SUMMIT      -3701-SUMMIT      -3731-i_392,Transformer2W,3701,3731
OLINDA      -8001-COTWDWAP    -8003-i_448,Transformer2W,8001,8003
FOURCORN    -1001-FOURCORN    -1002-i_330,Transformer2W,1001,1002
JOHN DAY    -4005-JOHN DAY    -4035-i_415,Transformer2W,4005,4035
SAN JUAN    -1004-SJUAN G4    -1034-i_335,Transformer2W,1004,1034
MIDWAY      -3803-MIDWAY      -3805-i_397,Transformer2W,3803,3805
MARTIN      -3102-MARTIN      -3104-i_380,Transformer2W,3102,3104
FOURCORN    -1002-FOURCORN    -1003-i_332,Transformer2W,1002,1003
BELL        -4103-BELL        -4104-i_422,Transformer2W,4103,4104
TRACY       -8002-TRACYPMP    -8005-i_449,Transformer2W,8002,8005
ROUND MT    -3921-ROUND MT    -3931-i_411,Transformer2W,3921,3931
NAVAJO      -1202-NAVAJO 2    -1232-i_339,Transformer2W,1202,1232
MIDPOINT    -6101-MIDPOINT    -6102-i_428,Transformer2W,6101,6102
VALMY       -6403-VALMY       -6433-i_441,Transformer2W,6403,6433
CANALB      -5002-CMAIN GM    -5032-i_427,Transformer2W,5002,5032
BIG EDDY    -4009-DALLES21    -4039-i_419,Transformer2W,4009,4039
H ALLEN     -1303-H ALLEN     -1333-i_342,Transformer2W,1303,1333
MOSSLAND    -3902-MOSSLAND    -3932-i_403,Transformer2W,3902,3932
SUMMIT      -3701-SUMITSPP    -6402-i_393,Transformer2W,3701,6402
S.ONOFRE    -2503-S.ONOFRE    -2533-i_366,Transformer2W,2503,2533
LOSBANOS    -3901-LOSBANOS    -3917-i_401,Transformer2W,3901,3917
PALOVRDE    -1401-PALOVRD2    -1431-i_344,Transformer2W,1401,1431
OLIVE       -2611-OLIVE       -2631-i_376,Transformer2W,2611,2631
PINTO       -6505-PINTO PS    -6506-i_445,Transformer2W,6505,6506
STA E       -2602-STA E       -2615-i_369,Transformer2W,2602,2615
SERRANO     -2501-SERRANO     -2502-i_363,Transformer2W,2501,2502
TESLA       -3903-TESLA       -3923-i_404,Transformer2W,3903,3923
HAYNES      -2610-HAYNES3G    -2630-i_375,Transformer2W,2610,2630
WCASCADE    -4202-WCASCADE    -4232-i_424,Transformer2W,4202,4232
IMPRLVLY    -2302-IMPRLVLY    -2332-i_353,Transformer2W,2302,2332
TABLE MT    -3905-TABLE MT    -3922-i_406,Transformer2W,3905,3922
HUMBOLDT    -3601-HUMBOLDT    -3631-i_391,Transformer2W,3601,3631
BIG EDDY    -4006-BIG EDDY    -4009-i_416,Transformer2W,4006,4009
CANADA      -5001-CANAD G1    -5031-i_425,Transformer2W,5001,5031
SANMATEO    -3103-SANMATEO    -3133-i_381,Transformer2W,3103,3133
METCALF     -3301-METCALF     -3303-i_385,Transformer2W,3301,3303
DIABLO      -3801-DIABLO1     -3831-i_395,Transformer2W,3801,3831
GARRISON    -6202-GARRISON    -6204-i_433,Transformer2W,6202,6204
PITSBURG    -3204-PITSBURG    -3234-i_383,Transformer2W,3204,3234
COLSTRP     -6201-COLSTRP     -6231-i_432,Transformer2W,6201,6231
METCALF     -3301-METCALF     -3303-i_386,Transformer2W,3301,3303
MIDWAY      -3805-MIDWAY      -3835-i_399,Transformer2W,3805,3835
H ALLEN     -1302-H ALLEN     -1303-i_341,Transformer2W,1302,1303
VINCENT     -2404-VINCENT     -2411-i_358,Transformer2W,2404,2411
STA BLD     -2614-STA B       -2621-i_378,Transformer2W,2614,2621
IMPERIAL    -2100-IMPERIAL    -2130-i_346,Transformer2W,2100,2130
MALIN       -4001-MALIN       -4008-i_413,Transformer2W,4001,4008
TRACYSPP    -6401-SUMITSPP    -6402-i_439,Transformer2W,6401,6402
RINALDI     -2601-RINALDI     -2612-i_367,Transformer2W,2601,2612
MONTANA     -6205-MONTA G1    -6235-i_434,Transformer2W,6205,6235
RINALDI     -2612-OWENS G     -2637-i_377,Transformer2W,2612,2637
HANFORD     -4102-HANFORD     -4132-i_421,Transformer2W,4102,4132
RIO OSO     -3920-RIO OSO     -3926-i_409,Transformer2W,3920,3926
LUGO        -2401-LUGO        -2431-i_354,Transformer2W,2401,2431
METCALF     -3301-METCALF     -3303-i_384,Transformer2W,3301,3303
MESA CAL    -2408-MESA CAL    -2438-i_360,Transformer2W,2408,2438
COULEE      -4101-COULEE      -4131-i_420,Transformer2W,4101,4131
FOURCORN    -1001-FOURCORN    -1002-i_331,Transformer2W,1001,1002
COLSTRP     -6201-COLSTRP     -6203-i_431,Transformer2W,6201,6203
HELMS PP    -3402-HELMS PP    -3432-i_388,Transformer2W,3402,3432
STA B2      -2606-STA B       -2621-i_373,Transformer2W,2606,2621
POTRERO     -3105-POTRERO     -3135-i_382,Transformer2W,3105,3135
MORROBAY    -3806-MORROBAY    -3836-i_400,Transformer2W,3806,3836
MIDWAY      -3803-MIDWAY      -3805-i_398,Transformer2W,3803,3805
CORONADO    -1101-CHOLLA      -1102-i_336,Transformer2W,1101,1102
IMPRLVLY    -2301-IMPRLVLY    -2302-i_351,Transformer2W,2301,2302
MIGUEL      -2201-MIGUEL      -2202-i_348,Transformer2W,2201,2202
VICTORVL    -2603-VICTORVL    -2607-i_370,Transformer2W,2603,2607
MIGUEL      -2201-MIGUEL      -2202-i_349,Transformer2W,2201,2202
CANALB      -5002-CA230TO     -5003-i_426,Transformer2W,5002,5003
COTWDPGE    -3911-COTWDPGE    -3925-i_408,Transformer2W,3911,3925
