load_name,bus_number
load12021,1202
load24091,2409
load32041,3204
load26191,2619
load80031,8003
load20001,2000
load32051,3205
load63011,6301
load36011,3601
load39091,3909
load39101,3910
load24071,2407
load26201,2620
load39241,3924
load61021,6102
load25021,2502
load62031,6203
load40101,4010
load31051,3105
load26181,2618
load34031,3403
load64021,6402
load39231,3923
load39031,3903
load38011,3801
load33051,3305
load32021,3202
load62041,6204
load63031,6303
load41021,4102
load26001,2600
load32031,3203
load41041,4104
load65041,6504
load39261,3926
load26091,2609
load65101,6510
load64041,6404
load39131,3913
load50011,5001
load39151,3915
load24111,2411
load41031,4103
load24051,2405
load33021,3302
load10041,1004
load63021,6302
load34041,3404
load80041,8004
load39171,3917
load24101,2410
load33031,3303
load65011,6501
load40091,4009
load26101,2610
load26161,2616
load65021,6502
load62051,6205
load39201,3920
load38051,3805
load50021,5002
load24031,2403
load26021,2602
load31021,3102
load26131,2613
load24081,2408
load25031,2503
load12011,1201
load31011,3101
load40041,4004
load13031,1303
load42011,4201
load34051,3405
load42041,4204
load26041,2604
load24001,2400
load24021,2402
load14021,1402
load39221,3922
load26141,2614
load22021,2202
load70021,7002
load39181,3918
load39141,3914
load34011,3401
load10031,1003
load62011,6201
load21001,2100
load39071,3907
load65091,6509
load40021,4002
load65031,6503
load39021,3902
load63051,6305
load11011,1101
load14011,1401
load31031,3103
load39111,3911
load22031,2203
load40081,4008
load42021,4202
load65051,6505
load65071,6507
load70011,7001
load11021,1102
load26121,2612
load38061,3806
load13011,1301
load33041,3304
load31041,3104
load39161,3916
load39121,3912
load10021,1002
load26081,2608
load39211,3921
load61041,6104
load26151,2615
load64031,6403
load64011,6401
load40051,4005
load61031,6103
load39191,3919
load26211,2621
load24061,2406
load65081,6508
load38041,3804
load37011,3701
load80051,8005
load24011,2401
load35011,3501
load26171,2617
load42031,4203
load41011,4101
load50031,5003
load13021,1302
load39081,3908
load26111,2611
load32011,3201
load62021,6202
